[{"first_name":"Wini","last_name":"Moulder"},
{"first_name":"Devina","last_name":"Reyson"},
{"first_name":"Rafa","last_name":"Piesold"},
{"first_name":"Tarrah","last_name":"Aldis"},
{"first_name":"Dorthea","last_name":"Lasham"},
{"first_name":"Ralph","last_name":"Sirette"},
{"first_name":"Candra","last_name":"Plaster"},
{"first_name":"Worthington","last_name":"Fewless"},
{"first_name":"Lenna","last_name":"Hambidge"},
{"first_name":"Raine","last_name":"Edinburgh"},
{"first_name":"Angus","last_name":"McGilmartin"},
{"first_name":"Bibby","last_name":"Cholonin"},
{"first_name":"Bertie","last_name":"MacLeese"},
{"first_name":"Stephenie","last_name":"Padbury"},
{"first_name":"Etta","last_name":"Blakely"},
{"first_name":"Rochelle","last_name":"Lampkin"},
{"first_name":"Burk","last_name":"Attridge"},
{"first_name":"Vassily","last_name":"Forlong"},
{"first_name":"Cindie","last_name":"Pales"},
{"first_name":"Daloris","last_name":"Tildesley"},
{"first_name":"Nate","last_name":"Eykel"},
{"first_name":"Weider","last_name":"Castro"},
{"first_name":"Caty","last_name":"Swaite"},
{"first_name":"Willetta","last_name":"Crowdy"},
{"first_name":"Winonah","last_name":"Panther"},
{"first_name":"Obadiah","last_name":"Tuson"},
{"first_name":"Andie","last_name":"Yeabsley"},
{"first_name":"Saunder","last_name":"Aasaf"},
{"first_name":"Claresta","last_name":"Churchyard"},
{"first_name":"Myranda","last_name":"Pickup"},
{"first_name":"Efren","last_name":"Gabbitis"},
{"first_name":"Clarence","last_name":"Rodway"},
{"first_name":"Waring","last_name":"Trask"},
{"first_name":"Schuyler","last_name":"Shurville"},
{"first_name":"Brennen","last_name":"Rodwell"},
{"first_name":"Isabelle","last_name":"Waren"},
{"first_name":"Sandor","last_name":"Abramovitz"},
{"first_name":"Clayborne","last_name":"Purkiss"},
{"first_name":"Natty","last_name":"Border"},
{"first_name":"Charlie","last_name":"Matusiak"},
{"first_name":"Yance","last_name":"Heskin"},
{"first_name":"Samuele","last_name":"Medforth"},
{"first_name":"Cathrine","last_name":"Killik"},
{"first_name":"Corrie","last_name":"Syratt"},
{"first_name":"Gaspard","last_name":"Bayle"},
{"first_name":"Cesya","last_name":"Boriston"},
{"first_name":"Nicholas","last_name":"Canet"},
{"first_name":"Elton","last_name":"Thirwell"},
{"first_name":"Olympe","last_name":"Maile"},
{"first_name":"Sheri","last_name":"Barkworth"},
{"first_name":"Priscilla","last_name":"Mc Andrew"},
{"first_name":"Daisi","last_name":"MacCaffery"},
{"first_name":"Sharon","last_name":"Blewmen"},
{"first_name":"Silvia","last_name":"Rainy"},
{"first_name":"Claudelle","last_name":"Neggrini"},
{"first_name":"Linet","last_name":"Lefort"},
{"first_name":"Ajay","last_name":"Cuerdall"},
{"first_name":"Marcia","last_name":"Casham"},
{"first_name":"Constantino","last_name":"Thew"},
{"first_name":"Cathy","last_name":"Blaszczyk"},
{"first_name":"Imogen","last_name":"Mecozzi"},
{"first_name":"Ryan","last_name":"Rewcastle"},
{"first_name":"Prinz","last_name":"Malafe"},
{"first_name":"Camille","last_name":"Siddon"},
{"first_name":"Jane","last_name":"Keigher"},
{"first_name":"Kiel","last_name":"Pott"},
{"first_name":"Stephi","last_name":"Dilke"},
{"first_name":"Elberta","last_name":"Calton"},
{"first_name":"Danila","last_name":"Tregiddo"},
{"first_name":"Lucia","last_name":"Blunkett"},
{"first_name":"Lindsay","last_name":"Tabourin"},
{"first_name":"Maren","last_name":"Beldum"},
{"first_name":"Phineas","last_name":"Pressey"},
{"first_name":"Tandy","last_name":"Shore"},
{"first_name":"Thaddeus","last_name":"Peotz"},
{"first_name":"Wynne","last_name":"Heinl"},
{"first_name":"Tiebout","last_name":"Linstead"},
{"first_name":"Chaim","last_name":"Goulbourn"},
{"first_name":"Berty","last_name":"Wegner"},
{"first_name":"Matty","last_name":"Florentine"},
{"first_name":"Trueman","last_name":"Paget"},
{"first_name":"Odille","last_name":"Allday"},
{"first_name":"Gustavo","last_name":"Haggith"},
{"first_name":"Aubree","last_name":"Franzotto"},
{"first_name":"Zorah","last_name":"Phillips"},
{"first_name":"Christoffer","last_name":"Castiglione"},
{"first_name":"Fairleigh","last_name":"Agnolo"},
{"first_name":"Roldan","last_name":"McBay"},
{"first_name":"Jenifer","last_name":"Febvre"},
{"first_name":"Stanislas","last_name":"Ephgrave"},
{"first_name":"Dino","last_name":"Fareweather"},
{"first_name":"Juline","last_name":"Boerderman"},
{"first_name":"Rudolf","last_name":"Robins"},
{"first_name":"Caddric","last_name":"Brandsen"},
{"first_name":"Ronny","last_name":"Matveyev"},
{"first_name":"Reggie","last_name":"Laffan"},
{"first_name":"Kennedy","last_name":"Geary"},
{"first_name":"Betteanne","last_name":"Ungerecht"},
{"first_name":"Lanie","last_name":"Volcker"},
{"first_name":"Marylin","last_name":"Kencott"},
{"first_name":"Sammie","last_name":"Mcwhinnie"},
{"first_name":"Maxie","last_name":"Adami"},
{"first_name":"Gerty","last_name":"Delacour"},
{"first_name":"Cybil","last_name":"Hearthfield"},
{"first_name":"Babette","last_name":"Dankov"},
{"first_name":"Remy","last_name":"Heeps"},
{"first_name":"Reese","last_name":"Silverlock"},
{"first_name":"Thurstan","last_name":"Rajchert"},
{"first_name":"Margy","last_name":"Allwright"},
{"first_name":"Hillyer","last_name":"Kinkade"},
{"first_name":"Harmon","last_name":"Joyner"},
{"first_name":"Terri-jo","last_name":"Kelsey"},
{"first_name":"Rochester","last_name":"Carabet"},
{"first_name":"Cissiee","last_name":"Noell"},
{"first_name":"Howey","last_name":"Alleyne"},
{"first_name":"Bess","last_name":"Spiniello"},
{"first_name":"Werner","last_name":"Shave"},
{"first_name":"Arie","last_name":"Camier"},
{"first_name":"Lacy","last_name":"Wrout"},
{"first_name":"Myrtle","last_name":"Bakes"},
{"first_name":"Prinz","last_name":"Bodker"},
{"first_name":"Elvin","last_name":"Munroe"},
{"first_name":"Elyn","last_name":"Ridgers"},
{"first_name":"Val","last_name":"Orriss"},
{"first_name":"Baldwin","last_name":"Reolfi"},
{"first_name":"Coretta","last_name":"Faraday"},
{"first_name":"Torrence","last_name":"Edridge"},
{"first_name":"Vinni","last_name":"Swannick"},
{"first_name":"Idalina","last_name":"Tchir"},
{"first_name":"Aeriell","last_name":"Piser"},
{"first_name":"Auria","last_name":"Hannigane"},
{"first_name":"Laurene","last_name":"Atcock"},
{"first_name":"Pepillo","last_name":"Sare"},
{"first_name":"Forbes","last_name":"Traves"},
{"first_name":"Shirlene","last_name":"Sherland"},
{"first_name":"Nannie","last_name":"Buffey"},
{"first_name":"Priscella","last_name":"Trace"},
{"first_name":"Anett","last_name":"Lippini"},
{"first_name":"Lukas","last_name":"Frankema"},
{"first_name":"Emily","last_name":"Mullenger"},
{"first_name":"Mischa","last_name":"Whitters"},
{"first_name":"Celisse","last_name":"Aspenlon"},
{"first_name":"Edmon","last_name":"Ottee"},
{"first_name":"Cammy","last_name":"Blair"},
{"first_name":"Leonid","last_name":"Danielkiewicz"},
{"first_name":"Kipper","last_name":"Foster"},
{"first_name":"Eveleen","last_name":"Brocking"},
{"first_name":"Catrina","last_name":"Skoyles"},
{"first_name":"Kristien","last_name":"Wey"},
{"first_name":"Noni","last_name":"Gettone"},
{"first_name":"Danny","last_name":"Diament"},
{"first_name":"Rebe","last_name":"Mattimoe"},
{"first_name":"Helenka","last_name":"Sausman"},
{"first_name":"Brnaby","last_name":"Pomfrey"},
{"first_name":"Morgan","last_name":"Owers"},
{"first_name":"Rosemaria","last_name":"Hurleston"},
{"first_name":"Gratia","last_name":"Lawee"},
{"first_name":"Yoko","last_name":"Jumel"},
{"first_name":"Mireille","last_name":"Diggins"},
{"first_name":"Jenifer","last_name":"Cohalan"},
{"first_name":"Virgie","last_name":"Driuzzi"},
{"first_name":"Halsey","last_name":"Grabbam"},
{"first_name":"Ev","last_name":"Sheers"},
{"first_name":"Celka","last_name":"Guiu"},
{"first_name":"Angil","last_name":"Cadalleder"},
{"first_name":"Tabby","last_name":"Pickford"},
{"first_name":"Dusty","last_name":"Ancell"},
{"first_name":"Ashton","last_name":"Gable"},
{"first_name":"Reidar","last_name":"Betun"},
{"first_name":"Jaynell","last_name":"Jeannot"},
{"first_name":"Merle","last_name":"Zima"},
{"first_name":"Abba","last_name":"Raiment"},
{"first_name":"Broderick","last_name":"Lunbech"},
{"first_name":"Uri","last_name":"Kondratowicz"},
{"first_name":"Charin","last_name":"Cramond"},
{"first_name":"Manfred","last_name":"Ricker"},
{"first_name":"Audrie","last_name":"McIlharga"},
{"first_name":"Kylie","last_name":"De Beauchamp"},
{"first_name":"Kane","last_name":"Iacovucci"},
{"first_name":"Loren","last_name":"Smallcomb"},
{"first_name":"Larisa","last_name":"Shevlin"},
{"first_name":"Thalia","last_name":"Peele"},
{"first_name":"Evvy","last_name":"Robotham"},
{"first_name":"Raphaela","last_name":"Chateau"},
{"first_name":"Bard","last_name":"Reder"},
{"first_name":"Kylie","last_name":"Berndtsson"},
{"first_name":"Irving","last_name":"Clerc"},
{"first_name":"Mildred","last_name":"Oliva"},
{"first_name":"Sybila","last_name":"Cicci"},
{"first_name":"Lucita","last_name":"Bernardt"},
{"first_name":"Elyse","last_name":"Paler"},
{"first_name":"Elvyn","last_name":"Tumbelty"},
{"first_name":"Raphael","last_name":"Stoodley"},
{"first_name":"Simon","last_name":"Oldridge"},
{"first_name":"Valdemar","last_name":"Orthmann"},
{"first_name":"Stephie","last_name":"Balogun"},
{"first_name":"Siouxie","last_name":"Traite"},
{"first_name":"Louise","last_name":"Doswell"},
{"first_name":"Tulley","last_name":"Lilburne"},
{"first_name":"Ashbey","last_name":"Cholton"},
{"first_name":"Koressa","last_name":"Last"},
{"first_name":"Isador","last_name":"Prosch"},
{"first_name":"Marty","last_name":"Hudless"},
{"first_name":"Colette","last_name":"Andreacci"},
{"first_name":"Stephana","last_name":"Battman"},
{"first_name":"Agata","last_name":"Murname"},
{"first_name":"Hyacintha","last_name":"Bowyer"},
{"first_name":"Marget","last_name":"Sherwill"},
{"first_name":"Art","last_name":"Teresia"},
{"first_name":"Pietra","last_name":"Pennino"},
{"first_name":"Zacherie","last_name":"Folkerts"},
{"first_name":"Cordelia","last_name":"Brose"},
{"first_name":"Dita","last_name":"Wheelband"},
{"first_name":"Jerry","last_name":"Kibard"},
{"first_name":"Jobye","last_name":"Boniface"},
{"first_name":"Collette","last_name":"Tuttle"},
{"first_name":"Lenette","last_name":"Adamec"},
{"first_name":"Justin","last_name":"Payley"},
{"first_name":"Feodor","last_name":"Rounsefull"},
{"first_name":"Cindra","last_name":"Mallinder"},
{"first_name":"Ashbey","last_name":"Berrygun"},
{"first_name":"Gerek","last_name":"Collingridge"},
{"first_name":"Lothaire","last_name":"Clutterham"},
{"first_name":"Donica","last_name":"Sinisbury"},
{"first_name":"Kirsten","last_name":"Edgar"},
{"first_name":"Ty","last_name":"Goggan"},
{"first_name":"Edyth","last_name":"Coraini"},
{"first_name":"Halie","last_name":"Tatford"},
{"first_name":"Vonni","last_name":"Shilburne"},
{"first_name":"Tonnie","last_name":"Rhys"},
{"first_name":"Orion","last_name":"Antognazzi"},
{"first_name":"Bess","last_name":"Gettone"},
{"first_name":"Kimberly","last_name":"Brodeau"},
{"first_name":"Ansley","last_name":"Lambrecht"},
{"first_name":"Gavin","last_name":"Marmon"},
{"first_name":"Rodolfo","last_name":"Squire"},
{"first_name":"Rem","last_name":"Fullard"},
{"first_name":"Nikolos","last_name":"Russo"},
{"first_name":"Maxi","last_name":"Meus"},
{"first_name":"Jaye","last_name":"Simes"},
{"first_name":"Reeta","last_name":"Boothman"},
{"first_name":"Mandy","last_name":"Bunny"},
{"first_name":"Goldia","last_name":"Southcott"},
{"first_name":"Gar","last_name":"Casiero"},
{"first_name":"Goldi","last_name":"Marguerite"},
{"first_name":"Britney","last_name":"Hampstead"},
{"first_name":"Windham","last_name":"Scrowson"},
{"first_name":"Alaric","last_name":"Oldcroft"},
{"first_name":"Bren","last_name":"Dufore"},
{"first_name":"Gerianne","last_name":"Wenzel"},
{"first_name":"Daffy","last_name":"Pankettman"},
{"first_name":"Jacquetta","last_name":"Storror"},
{"first_name":"Shep","last_name":"Sieb"},
{"first_name":"Kala","last_name":"Cattle"},
{"first_name":"Faustina","last_name":"Miquelet"},
{"first_name":"Iolanthe","last_name":"Tunder"},
{"first_name":"Hamilton","last_name":"Howgill"},
{"first_name":"Archibaldo","last_name":"Bolduc"},
{"first_name":"Chloe","last_name":"Chanders"},
{"first_name":"Honoria","last_name":"Hanstock"},
{"first_name":"Derk","last_name":"Rawcliffe"},
{"first_name":"Perice","last_name":"McNalley"},
{"first_name":"Christen","last_name":"Trotton"},
{"first_name":"Yolane","last_name":"Eastabrook"},
{"first_name":"Myrna","last_name":"Screwton"},
{"first_name":"Wiley","last_name":"Grimwade"},
{"first_name":"Inglis","last_name":"Stepto"},
{"first_name":"Leon","last_name":"Knok"},
{"first_name":"Vivianne","last_name":"Fern"},
{"first_name":"Phyllis","last_name":"Waters"},
{"first_name":"Hurley","last_name":"Heustice"},
{"first_name":"Stanton","last_name":"Pieracci"},
{"first_name":"Care","last_name":"Lorroway"},
{"first_name":"Kate","last_name":"O'Caherny"},
{"first_name":"Cos","last_name":"Watsham"},
{"first_name":"Arlinda","last_name":"Triggle"},
{"first_name":"Michelina","last_name":"Dahler"},
{"first_name":"La verne","last_name":"Thomasson"},
{"first_name":"Mignonne","last_name":"Dufaur"},
{"first_name":"Jean","last_name":"Woof"},
{"first_name":"Zerk","last_name":"Prebble"},
{"first_name":"Saraann","last_name":"Yurocjhin"},
{"first_name":"Lisa","last_name":"Clift"},
{"first_name":"Kimberlyn","last_name":"Pratley"},
{"first_name":"Dell","last_name":"Jencken"},
{"first_name":"Johnny","last_name":"Christy"},
{"first_name":"Urbain","last_name":"Murrigans"},
{"first_name":"Callida","last_name":"Coard"},
{"first_name":"Lainey","last_name":"Karpinski"},
{"first_name":"Jere","last_name":"Jursch"},
{"first_name":"Roanna","last_name":"Jozwik"},
{"first_name":"Jeniffer","last_name":"Schonfeld"},
{"first_name":"Hebert","last_name":"Priestley"},
{"first_name":"Ignazio","last_name":"Viollet"},
{"first_name":"Dawn","last_name":"Greeno"},
{"first_name":"Roscoe","last_name":"Watkins"},
{"first_name":"Michelle","last_name":"Petherick"},
{"first_name":"Antoinette","last_name":"Sannes"},
{"first_name":"Prissie","last_name":"Leversha"},
{"first_name":"Mavra","last_name":"Mattersey"},
{"first_name":"Owen","last_name":"Spieght"},
{"first_name":"Jade","last_name":"Stelle"},
{"first_name":"Peg","last_name":"Easterby"},
{"first_name":"Nicolette","last_name":"Wakelin"},
{"first_name":"Barby","last_name":"Worling"},
{"first_name":"Fabien","last_name":"Adney"},
{"first_name":"Noah","last_name":"Dwerryhouse"},
{"first_name":"Emma","last_name":"Sacchetti"},
{"first_name":"Ransell","last_name":"Hindsberg"},
{"first_name":"Farr","last_name":"Coraini"},
{"first_name":"Collie","last_name":"Tobin"},
{"first_name":"Timoteo","last_name":"Tranter"},
{"first_name":"Ravid","last_name":"Dabinett"},
{"first_name":"Tonye","last_name":"Exon"},
{"first_name":"Babara","last_name":"Utterson"},
{"first_name":"Onfroi","last_name":"Paunsford"},
{"first_name":"Olivier","last_name":"Andino"},
{"first_name":"Yancy","last_name":"Angrove"},
{"first_name":"Adoree","last_name":"Eastbury"},
{"first_name":"Yasmin","last_name":"Anstee"},
{"first_name":"Henry","last_name":"Devenish"},
{"first_name":"Trip","last_name":"Stood"},
{"first_name":"Barb","last_name":"Drioli"},
{"first_name":"Brynna","last_name":"Jedrzej"},
{"first_name":"Zared","last_name":"Dansken"},
{"first_name":"Lynn","last_name":"Worsfold"},
{"first_name":"Vanya","last_name":"Felgate"},
{"first_name":"Julienne","last_name":"Syversen"},
{"first_name":"Camile","last_name":"Skegg"},
{"first_name":"Mill","last_name":"Dulinty"},
{"first_name":"Berni","last_name":"Frondt"},
{"first_name":"Teodor","last_name":"Fanning"},
{"first_name":"Barnie","last_name":"Perllman"},
{"first_name":"Viviene","last_name":"Scawen"},
{"first_name":"Barney","last_name":"Gratrix"},
{"first_name":"Lona","last_name":"Gussin"},
{"first_name":"Andrei","last_name":"Mynard"},
{"first_name":"Tami","last_name":"Dykas"},
{"first_name":"Bobinette","last_name":"Sicely"},
{"first_name":"Willetta","last_name":"Dysart"},
{"first_name":"Josias","last_name":"Auden"},
{"first_name":"Prescott","last_name":"Buckhurst"},
{"first_name":"Oates","last_name":"Matisse"},
{"first_name":"Bernarr","last_name":"Barnewille"},
{"first_name":"Alene","last_name":"Tideswell"},
{"first_name":"Poppy","last_name":"Lucey"},
{"first_name":"Sonnie","last_name":"Pruckner"},
{"first_name":"Ranique","last_name":"Shoebrook"},
{"first_name":"Collette","last_name":"Relfe"},
{"first_name":"Monroe","last_name":"Geoghegan"},
{"first_name":"Lurette","last_name":"Tinkham"},
{"first_name":"Aura","last_name":"Quarrington"},
{"first_name":"Howey","last_name":"Tenney"},
{"first_name":"Val","last_name":"Kiossel"},
{"first_name":"Palm","last_name":"Abrey"},
{"first_name":"Nahum","last_name":"Falcus"},
{"first_name":"Eliot","last_name":"MacEntee"},
{"first_name":"Sela","last_name":"Anderbrugge"},
{"first_name":"Cecil","last_name":"Lomansey"},
{"first_name":"Justis","last_name":"Satyford"},
{"first_name":"Virgilio","last_name":"Chadderton"},
{"first_name":"Deeanne","last_name":"Kuban"},
{"first_name":"Rozamond","last_name":"Merrisson"},
{"first_name":"Berk","last_name":"Baversor"},
{"first_name":"Gerta","last_name":"Records"},
{"first_name":"Shannon","last_name":"Kite"},
{"first_name":"Carolynn","last_name":"Haliday"},
{"first_name":"Paulina","last_name":"Ellin"},
{"first_name":"Vail","last_name":"Kolushev"},
{"first_name":"Gustaf","last_name":"Torra"},
{"first_name":"Cacilia","last_name":"Chase"},
{"first_name":"Giffer","last_name":"Ruff"},
{"first_name":"Marcille","last_name":"Scheu"},
{"first_name":"Gunter","last_name":"Blackett"},
{"first_name":"Stearne","last_name":"Zannetti"},
{"first_name":"Alain","last_name":"Berre"},
{"first_name":"Drew","last_name":"Hovy"},
{"first_name":"Verney","last_name":"Leborgne"},
{"first_name":"Betsey","last_name":"Petrazzi"},
{"first_name":"Pascal","last_name":"Antonioni"},
{"first_name":"Gilbert","last_name":"Roskruge"},
{"first_name":"Allix","last_name":"Oaker"},
{"first_name":"Kimbell","last_name":"Gaiger"},
{"first_name":"Nicola","last_name":"Moxom"},
{"first_name":"Marissa","last_name":"Baignard"},
{"first_name":"Daron","last_name":"Mertsching"},
{"first_name":"Thorin","last_name":"Loads"},
{"first_name":"Constancy","last_name":"Kyd"},
{"first_name":"Emmie","last_name":"Checcucci"},
{"first_name":"Eadmund","last_name":"Erwin"},
{"first_name":"Tim","last_name":"Volkers"},
{"first_name":"Salvador","last_name":"Glasner"},
{"first_name":"Vicky","last_name":"Robion"},
{"first_name":"Ora","last_name":"Jobson"},
{"first_name":"Joe","last_name":"Cough"},
{"first_name":"Ronalda","last_name":"Bloom"},
{"first_name":"Katlin","last_name":"Kliesl"},
{"first_name":"Clotilda","last_name":"Brushfield"},
{"first_name":"Doris","last_name":"Dunton"},
{"first_name":"Kandy","last_name":"Mattocks"},
{"first_name":"Pippy","last_name":"Scarsbrooke"},
{"first_name":"Roley","last_name":"Kinsella"},
{"first_name":"Cheston","last_name":"Grossier"},
{"first_name":"Georgianne","last_name":"Hessel"},
{"first_name":"Cynthea","last_name":"Crosston"},
{"first_name":"Worth","last_name":"Verrick"},
{"first_name":"Rafaello","last_name":"Goodluck"},
{"first_name":"Duffy","last_name":"Wreight"},
{"first_name":"Kate","last_name":"Latchmore"},
{"first_name":"Bel","last_name":"Fitch"},
{"first_name":"Vassily","last_name":"Tapin"},
{"first_name":"Gerladina","last_name":"Dumphries"},
{"first_name":"Raleigh","last_name":"Redon"},
{"first_name":"Ignaz","last_name":"Ablott"},
{"first_name":"Mable","last_name":"Patry"},
{"first_name":"Beth","last_name":"Cockett"},
{"first_name":"Wallis","last_name":"Goddert.sf"},
{"first_name":"Inge","last_name":"Colly"},
{"first_name":"Willabella","last_name":"John"},
{"first_name":"Lucia","last_name":"Benmore"},
{"first_name":"Thayne","last_name":"Cleal"},
{"first_name":"Fawn","last_name":"Durno"},
{"first_name":"Nate","last_name":"Mulhall"},
{"first_name":"Carline","last_name":"Suthworth"},
{"first_name":"Tobias","last_name":"McCullough"},
{"first_name":"Kassia","last_name":"Wordesworth"},
{"first_name":"Norean","last_name":"Bucknall"},
{"first_name":"Crawford","last_name":"Mirralls"},
{"first_name":"Hadley","last_name":"Derle"},
{"first_name":"Camey","last_name":"Nashe"},
{"first_name":"Neil","last_name":"Minchenton"},
{"first_name":"Britteny","last_name":"Strotton"},
{"first_name":"Kendricks","last_name":"Parradine"},
{"first_name":"Gav","last_name":"Grishankov"},
{"first_name":"Berky","last_name":"Christofol"},
{"first_name":"Lyndy","last_name":"Carnachen"},
{"first_name":"Karlene","last_name":"Aizkovitch"},
{"first_name":"Collen","last_name":"Comiskey"},
{"first_name":"Brennan","last_name":"Heiden"},
{"first_name":"Lonee","last_name":"Danzig"},
{"first_name":"Bernette","last_name":"Dahill"},
{"first_name":"Inglis","last_name":"McReedy"},
{"first_name":"Idell","last_name":"Rowles"},
{"first_name":"Shermie","last_name":"Glasson"},
{"first_name":"Yoko","last_name":"Blackstone"},
{"first_name":"Erminia","last_name":"Batman"},
{"first_name":"Viv","last_name":"Pateman"},
{"first_name":"Lilah","last_name":"Schulze"},
{"first_name":"Amalie","last_name":"Western"},
{"first_name":"Laurena","last_name":"Vasile"},
{"first_name":"Josh","last_name":"Rickets"},
{"first_name":"Earlie","last_name":"Midgley"},
{"first_name":"Desmund","last_name":"Hardie"},
{"first_name":"Luther","last_name":"McAless"},
{"first_name":"Uriel","last_name":"Rustidge"},
{"first_name":"Dirk","last_name":"Dike"},
{"first_name":"Barry","last_name":"Dalling"},
{"first_name":"Hartley","last_name":"Camillo"},
{"first_name":"Mile","last_name":"Caps"},
{"first_name":"Willdon","last_name":"Sheldrake"},
{"first_name":"Bibbye","last_name":"Sargeant"},
{"first_name":"Correy","last_name":"Canero"},
{"first_name":"Richard","last_name":"Kopke"},
{"first_name":"Godfree","last_name":"Maylour"},
{"first_name":"Jacqui","last_name":"Goscomb"},
{"first_name":"Wayne","last_name":"Kerin"},
{"first_name":"Gayleen","last_name":"Baraclough"},
{"first_name":"Corney","last_name":"Reyner"},
{"first_name":"Reade","last_name":"O' Neligan"},
{"first_name":"Tonie","last_name":"Garlee"},
{"first_name":"Audi","last_name":"Climer"},
{"first_name":"Baird","last_name":"Sproule"},
{"first_name":"Alta","last_name":"Bertson"},
{"first_name":"Waldo","last_name":"Kempson"},
{"first_name":"Ward","last_name":"Wicken"},
{"first_name":"Adair","last_name":"Knowlys"},
{"first_name":"Dalis","last_name":"Nancarrow"},
{"first_name":"Christy","last_name":"Croisier"},
{"first_name":"Ralf","last_name":"Bertot"},
{"first_name":"Hillier","last_name":"Hazeley"},
{"first_name":"Parrnell","last_name":"Jumel"},
{"first_name":"Charita","last_name":"Megroff"},
{"first_name":"Anatollo","last_name":"Clissold"},
{"first_name":"Mic","last_name":"Driscoll"},
{"first_name":"Gawain","last_name":"Izkovici"},
{"first_name":"Vonni","last_name":"Bolwell"},
{"first_name":"Filberto","last_name":"Stummeyer"},
{"first_name":"Margarethe","last_name":"Hargreaves"},
{"first_name":"Nessi","last_name":"Camlin"},
{"first_name":"Kerk","last_name":"Labarre"},
{"first_name":"Tani","last_name":"Sinclair"},
{"first_name":"Worthy","last_name":"Maccree"},
{"first_name":"Karlee","last_name":"Schoroder"},
{"first_name":"Jaymee","last_name":"Barczynski"},
{"first_name":"Janeczka","last_name":"Rout"},
{"first_name":"Eadmund","last_name":"Ganley"},
{"first_name":"Ethelin","last_name":"Babst"},
{"first_name":"Denni","last_name":"Budibent"},
{"first_name":"Margaretta","last_name":"Towson"},
{"first_name":"Livvyy","last_name":"Summerbell"},
{"first_name":"May","last_name":"Graalmans"},
{"first_name":"Drusilla","last_name":"Torrijos"},
{"first_name":"Joel","last_name":"Buggs"},
{"first_name":"Dudley","last_name":"Maryon"},
{"first_name":"Brocky","last_name":"Yurkiewicz"},
{"first_name":"Roana","last_name":"Colt"},
{"first_name":"Farand","last_name":"Rylands"},
{"first_name":"Chev","last_name":"Daltry"},
{"first_name":"Land","last_name":"Tizzard"},
{"first_name":"Gael","last_name":"Balmforth"},
{"first_name":"Perri","last_name":"Shattock"},
{"first_name":"Maddy","last_name":"Court"},
{"first_name":"Vanda","last_name":"Robertz"},
{"first_name":"Thorndike","last_name":"Farren"},
{"first_name":"Jack","last_name":"Jeanet"},
{"first_name":"Rivkah","last_name":"Larose"},
{"first_name":"Barbi","last_name":"Wrightson"},
{"first_name":"Nollie","last_name":"Coathup"},
{"first_name":"Sherie","last_name":"Ahmad"},
{"first_name":"Tadeas","last_name":"Sleford"},
{"first_name":"Rickie","last_name":"Showalter"},
{"first_name":"Derk","last_name":"Minico"},
{"first_name":"Roarke","last_name":"Darridon"},
{"first_name":"Tiphany","last_name":"Dikes"},
{"first_name":"Reamonn","last_name":"Ablott"},
{"first_name":"Brooke","last_name":"Bissiker"},
{"first_name":"Ophelia","last_name":"Garner"},
{"first_name":"Ailina","last_name":"Pontefract"},
{"first_name":"Aldric","last_name":"Couling"},
{"first_name":"Beverlie","last_name":"Rosebotham"},
{"first_name":"Bambi","last_name":"Winspare"},
{"first_name":"Essa","last_name":"Simukov"},
{"first_name":"Franciskus","last_name":"Yaakov"},
{"first_name":"Godfree","last_name":"Colgan"},
{"first_name":"Vale","last_name":"Jupe"},
{"first_name":"Sylvester","last_name":"Hubatsch"},
{"first_name":"Madison","last_name":"Chattelaine"},
{"first_name":"Fabien","last_name":"Balaison"},
{"first_name":"Mathilde","last_name":"Slogrove"},
{"first_name":"Danni","last_name":"Chippindall"},
{"first_name":"Leroy","last_name":"Murrhaupt"},
{"first_name":"Kearney","last_name":"Parradice"},
{"first_name":"Roseann","last_name":"Nickoles"},
{"first_name":"Ingmar","last_name":"Whatley"},
{"first_name":"Lorette","last_name":"Peschmann"},
{"first_name":"Karoly","last_name":"McIlrath"},
{"first_name":"Temp","last_name":"Chmarny"},
{"first_name":"Fowler","last_name":"Uvedale"},
{"first_name":"Alameda","last_name":"Cornilli"},
{"first_name":"Ravi","last_name":"Wansbury"},
{"first_name":"Georgianne","last_name":"Bickerdicke"},
{"first_name":"Winslow","last_name":"Crutchley"},
{"first_name":"Myron","last_name":"Waterstone"},
{"first_name":"Frazer","last_name":"Tranfield"},
{"first_name":"Callie","last_name":"Killgus"},
{"first_name":"Karon","last_name":"Klein"},
{"first_name":"Toinette","last_name":"Baseley"},
{"first_name":"Genni","last_name":"Northidge"},
{"first_name":"Norbert","last_name":"Hedworth"},
{"first_name":"Cass","last_name":"Phelip"},
{"first_name":"Mayor","last_name":"Southerill"},
{"first_name":"Daron","last_name":"Melin"},
{"first_name":"Margette","last_name":"Ewell"},
{"first_name":"Sherrie","last_name":"Truitt"},
{"first_name":"Ernestus","last_name":"Nicolls"},
{"first_name":"Maurise","last_name":"Tennock"},
{"first_name":"Coraline","last_name":"Vittet"},
{"first_name":"Chelsey","last_name":"Learoyde"},
{"first_name":"Carney","last_name":"Pamment"},
{"first_name":"Timi","last_name":"Vinker"},
{"first_name":"Lezlie","last_name":"Keyho"},
{"first_name":"Chelsae","last_name":"Wrack"},
{"first_name":"Shelia","last_name":"Matuszyk"},
{"first_name":"Danette","last_name":"Lepoidevin"},
{"first_name":"Boot","last_name":"Sheerman"},
{"first_name":"Devon","last_name":"Wales"},
{"first_name":"Jonie","last_name":"Abrahmson"},
{"first_name":"Whittaker","last_name":"Shilburne"},
{"first_name":"Rodge","last_name":"Frow"},
{"first_name":"Shay","last_name":"Elton"},
{"first_name":"Arnoldo","last_name":"Collard"},
{"first_name":"Barbaraanne","last_name":"Umfrey"},
{"first_name":"Barrie","last_name":"Bayles"},
{"first_name":"Tait","last_name":"Hun"},
{"first_name":"Lorilyn","last_name":"Burkin"},
{"first_name":"Eduino","last_name":"Mourbey"},
{"first_name":"Burnard","last_name":"Abbys"},
{"first_name":"Worthy","last_name":"Dearan"},
{"first_name":"Mattias","last_name":"Culverhouse"},
{"first_name":"Katuscha","last_name":"Sarginson"},
{"first_name":"Ramon","last_name":"Erridge"},
{"first_name":"Katinka","last_name":"Simoncello"},
{"first_name":"Richart","last_name":"Natt"},
{"first_name":"Hakeem","last_name":"Kelsow"},
{"first_name":"Leilah","last_name":"Consadine"},
{"first_name":"Murial","last_name":"Merrall"},
{"first_name":"Katheryn","last_name":"Early"},
{"first_name":"Gizela","last_name":"Larkin"},
{"first_name":"Rogerio","last_name":"De Ruggero"},
{"first_name":"Liva","last_name":"Cole"},
{"first_name":"Phoebe","last_name":"Crowe"},
{"first_name":"Tucky","last_name":"Anstead"},
{"first_name":"Hubert","last_name":"Shankster"},
{"first_name":"Talyah","last_name":"Brunroth"},
{"first_name":"Inna","last_name":"Vyvyan"},
{"first_name":"Clemens","last_name":"Thacke"},
{"first_name":"Korella","last_name":"Imlen"},
{"first_name":"Dredi","last_name":"MacAindreis"},
{"first_name":"Sid","last_name":"Shaxby"},
{"first_name":"Dunc","last_name":"Casazza"},
{"first_name":"Eimile","last_name":"Buzzing"},
{"first_name":"Tab","last_name":"Frame"},
{"first_name":"Alice","last_name":"Clear"},
{"first_name":"Lorens","last_name":"Donnell"},
{"first_name":"Pail","last_name":"Storcke"},
{"first_name":"Jasun","last_name":"Gascard"},
{"first_name":"Zacharia","last_name":"Haldane"},
{"first_name":"Burg","last_name":"Quiddihy"},
{"first_name":"Nate","last_name":"Du Fray"},
{"first_name":"Towny","last_name":"Probbin"},
{"first_name":"Magnum","last_name":"Allchorne"},
{"first_name":"Brooke","last_name":"Dewfall"},
{"first_name":"Peria","last_name":"Smoughton"},
{"first_name":"Lonee","last_name":"Dollard"},
{"first_name":"Adela","last_name":"Louch"},
{"first_name":"Koressa","last_name":"Thornthwaite"},
{"first_name":"Edythe","last_name":"Bewfield"},
{"first_name":"Boigie","last_name":"Lamball"},
{"first_name":"Orlando","last_name":"Scotchforth"},
{"first_name":"Tomi","last_name":"Herion"},
{"first_name":"Guendolen","last_name":"Michelin"},
{"first_name":"Aindrea","last_name":"Peeke"},
{"first_name":"Greer","last_name":"Doncaster"},
{"first_name":"Melly","last_name":"Fleming"},
{"first_name":"Barbee","last_name":"Caveney"},
{"first_name":"Bondy","last_name":"Kopfer"},
{"first_name":"Conney","last_name":"Satchell"},
{"first_name":"Nikita","last_name":"Baynham"},
{"first_name":"Sheilakathryn","last_name":"Snelling"},
{"first_name":"Rudolph","last_name":"Veryard"},
{"first_name":"Korella","last_name":"Dunbabin"},
{"first_name":"Peter","last_name":"Robjant"},
{"first_name":"Alexis","last_name":"Cadney"},
{"first_name":"Trescha","last_name":"Marke"},
{"first_name":"Archie","last_name":"Tarbox"},
{"first_name":"Jessalin","last_name":"Coughtrey"},
{"first_name":"Alexandrina","last_name":"Shoemark"},
{"first_name":"Gina","last_name":"Plevin"},
{"first_name":"Hilliard","last_name":"Hazelden"},
{"first_name":"Fedora","last_name":"Monget"},
{"first_name":"Harland","last_name":"Wiggam"},
{"first_name":"Sophronia","last_name":"Neeson"},
{"first_name":"Jacob","last_name":"Dodgshun"},
{"first_name":"Dixie","last_name":"Grahlmans"},
{"first_name":"Tamarah","last_name":"Mallion"},
{"first_name":"Blanch","last_name":"Castane"},
{"first_name":"Had","last_name":"Fidgett"},
{"first_name":"Ringo","last_name":"Mickelwright"},
{"first_name":"Thorsten","last_name":"Tassel"},
{"first_name":"Shalna","last_name":"Belsey"},
{"first_name":"Cindy","last_name":"von Hagt"},
{"first_name":"Rani","last_name":"Galliard"},
{"first_name":"Waly","last_name":"Greenaway"},
{"first_name":"Mario","last_name":"Callendar"},
{"first_name":"Ophelia","last_name":"Gotthard"},
{"first_name":"Fancy","last_name":"Brunicke"},
{"first_name":"Sigfrid","last_name":"Gruby"},
{"first_name":"Siouxie","last_name":"Spellar"},
{"first_name":"Kali","last_name":"MacKeeg"},
{"first_name":"Cassey","last_name":"Da Costa"},
{"first_name":"Eddy","last_name":"Aries"},
{"first_name":"Jilli","last_name":"Baseggio"},
{"first_name":"Gretal","last_name":"Scruby"},
{"first_name":"Marlowe","last_name":"Cutmore"},
{"first_name":"Sherwynd","last_name":"Shambrooke"},
{"first_name":"Gary","last_name":"Eborall"},
{"first_name":"Merv","last_name":"Rapport"},
{"first_name":"Jocelin","last_name":"Ironmonger"},
{"first_name":"Ashia","last_name":"Stenning"},
{"first_name":"Yettie","last_name":"Goodram"},
{"first_name":"Lina","last_name":"Brain"},
{"first_name":"Alejandra","last_name":"Cardero"},
{"first_name":"Neddie","last_name":"Checcuzzi"},
{"first_name":"Geri","last_name":"Baudou"},
{"first_name":"Gertrude","last_name":"Grissett"},
{"first_name":"Glory","last_name":"Cordsen"},
{"first_name":"Claudian","last_name":"Shervington"},
{"first_name":"Everett","last_name":"Corneille"},
{"first_name":"Anatollo","last_name":"Pyvis"},
{"first_name":"Doll","last_name":"Domino"},
{"first_name":"Nancie","last_name":"MacCostye"},
{"first_name":"Sumner","last_name":"Bartrap"},
{"first_name":"Shurlock","last_name":"Crosdill"},
{"first_name":"Shelton","last_name":"Staton"},
{"first_name":"Nicoline","last_name":"Riccetti"},
{"first_name":"Star","last_name":"Escoffrey"},
{"first_name":"Toinette","last_name":"Bevis"},
{"first_name":"Roland","last_name":"Elms"},
{"first_name":"Artus","last_name":"Syder"},
{"first_name":"Linus","last_name":"Stimpson"},
{"first_name":"Agna","last_name":"Illidge"},
{"first_name":"Mala","last_name":"O'Moylan"},
{"first_name":"Guillermo","last_name":"Toffts"},
{"first_name":"Glynnis","last_name":"Christou"},
{"first_name":"Phoebe","last_name":"Iacovielli"},
{"first_name":"Alfreda","last_name":"Broomer"},
{"first_name":"Valry","last_name":"Katz"},
{"first_name":"Aluin","last_name":"Bittlestone"},
{"first_name":"Lydia","last_name":"Creswell"},
{"first_name":"Evanne","last_name":"Duester"},
{"first_name":"Emory","last_name":"Lacoste"},
{"first_name":"Celestia","last_name":"Milne"},
{"first_name":"Millard","last_name":"Nutley"},
{"first_name":"Marius","last_name":"Finicj"},
{"first_name":"Cassie","last_name":"Morrid"},
{"first_name":"Brigham","last_name":"Daelman"},
{"first_name":"Mallory","last_name":"Gypps"},
{"first_name":"Edith","last_name":"Jakubowsky"},
{"first_name":"Florencia","last_name":"McKenna"},
{"first_name":"Tatiania","last_name":"Cuardall"},
{"first_name":"Corilla","last_name":"Goodinge"},
{"first_name":"Corty","last_name":"Braybrook"},
{"first_name":"Patrizia","last_name":"Rockcliff"},
{"first_name":"Virgina","last_name":"Duckham"},
{"first_name":"Silvester","last_name":"Byer"},
{"first_name":"Farica","last_name":"Dibden"},
{"first_name":"Lindy","last_name":"Baggs"},
{"first_name":"Osbourn","last_name":"Cahillane"},
{"first_name":"Roseann","last_name":"Di Biagi"},
{"first_name":"Tamqrah","last_name":"Lanchester"},
{"first_name":"Lind","last_name":"Hanington"},
{"first_name":"Lorenzo","last_name":"Williams"},
{"first_name":"Lorilyn","last_name":"Gyrgorcewicx"},
{"first_name":"Tye","last_name":"Mangam"},
{"first_name":"Ogdan","last_name":"Solman"},
{"first_name":"Goraud","last_name":"Ubach"},
{"first_name":"Emylee","last_name":"Rafe"},
{"first_name":"Celinka","last_name":"Castana"},
{"first_name":"Roda","last_name":"Stango"},
{"first_name":"Kaila","last_name":"Brear"},
{"first_name":"Garry","last_name":"Randals"},
{"first_name":"Allsun","last_name":"Shewan"},
{"first_name":"Stillman","last_name":"Clinton"},
{"first_name":"Gusella","last_name":"Bunker"},
{"first_name":"Abeu","last_name":"Tilly"},
{"first_name":"Lek","last_name":"Carnduff"},
{"first_name":"Babbie","last_name":"Spriggs"},
{"first_name":"Tasha","last_name":"Dunston"},
{"first_name":"Morie","last_name":"Faircloth"},
{"first_name":"Dianemarie","last_name":"Molohan"},
{"first_name":"Hedvig","last_name":"Robins"},
{"first_name":"Asa","last_name":"Burns"},
{"first_name":"Jonah","last_name":"Tyas"},
{"first_name":"Milicent","last_name":"Simek"},
{"first_name":"Sib","last_name":"Edson"},
{"first_name":"Petr","last_name":"Savage"},
{"first_name":"Lorry","last_name":"De Mico"},
{"first_name":"Andee","last_name":"Formilli"},
{"first_name":"Alvera","last_name":"Cheshire"},
{"first_name":"Fianna","last_name":"Haslock(e)"},
{"first_name":"Leon","last_name":"Hebblewhite"},
{"first_name":"Parsifal","last_name":"Letham"},
{"first_name":"Verna","last_name":"Swane"},
{"first_name":"Dot","last_name":"Ching"},
{"first_name":"Gerri","last_name":"Hurndall"},
{"first_name":"Aron","last_name":"Kinnen"},
{"first_name":"Jeff","last_name":"Stanbrooke"},
{"first_name":"Collin","last_name":"Stanyer"},
{"first_name":"Theresina","last_name":"Bothen"},
{"first_name":"Salmon","last_name":"Bordes"},
{"first_name":"Chad","last_name":"Zettoi"},
{"first_name":"Elisha","last_name":"Ethington"},
{"first_name":"Cristina","last_name":"Gilbert"},
{"first_name":"Cleon","last_name":"Chisholme"},
{"first_name":"Gunther","last_name":"Toxell"},
{"first_name":"Alan","last_name":"Le Clercq"},
{"first_name":"Jenica","last_name":"Giovannacc@i"},
{"first_name":"Kippie","last_name":"Minico"},
{"first_name":"Carny","last_name":"Karlowicz"},
{"first_name":"Barnett","last_name":"Kinch"},
{"first_name":"Elyn","last_name":"Drewes"},
{"first_name":"Carmelle","last_name":"Devany"},
{"first_name":"Marris","last_name":"Dows"},
{"first_name":"Bucky","last_name":"Yeowell"},
{"first_name":"Roobbie","last_name":"Floodgate"},
{"first_name":"Casar","last_name":"Antonomolii"},
{"first_name":"Amandi","last_name":"Lugsdin"},
{"first_name":"Colas","last_name":"Siemandl"},
{"first_name":"Humbert","last_name":"Cosford"},
{"first_name":"Onfroi","last_name":"Wattam"},
{"first_name":"Arlen","last_name":"Godilington"},
{"first_name":"Noble","last_name":"Dell"},
{"first_name":"Merrill","last_name":"Catto"},
{"first_name":"Isidoro","last_name":"McGrouther"},
{"first_name":"Vaughan","last_name":"Rebichon"},
{"first_name":"Verla","last_name":"Macklin"},
{"first_name":"Paulette","last_name":"Pooke"},
{"first_name":"Saudra","last_name":"Meddings"},
{"first_name":"Storm","last_name":"Goodread"},
{"first_name":"Barthel","last_name":"Du Fray"},
{"first_name":"Cale","last_name":"Gostridge"},
{"first_name":"Cassy","last_name":"Grieswood"},
{"first_name":"Bryant","last_name":"Brayford"},
{"first_name":"Steve","last_name":"Vautier"},
{"first_name":"Fitzgerald","last_name":"McConnal"},
{"first_name":"Conney","last_name":"Dermott"},
{"first_name":"Walt","last_name":"Mashro"},
{"first_name":"Benedick","last_name":"Torbeck"},
{"first_name":"Gianina","last_name":"Woollam"},
{"first_name":"Riane","last_name":"De la Yglesia"},
{"first_name":"Clotilda","last_name":"Matantsev"},
{"first_name":"Marji","last_name":"Davidai"},
{"first_name":"Dennis","last_name":"Brewood"},
{"first_name":"Kylie","last_name":"Ledwith"},
{"first_name":"Dottie","last_name":"Marchbank"},
{"first_name":"Sibella","last_name":"Vanacci"},
{"first_name":"Hewett","last_name":"Hendrickx"},
{"first_name":"Beverlee","last_name":"Casado"},
{"first_name":"Estrellita","last_name":"Dairton"},
{"first_name":"Ula","last_name":"Ugo"},
{"first_name":"Webb","last_name":"Rounsivall"},
{"first_name":"Irvin","last_name":"Jandl"},
{"first_name":"Lynn","last_name":"Piken"},
{"first_name":"Rheba","last_name":"Freddi"},
{"first_name":"Charline","last_name":"Nise"},
{"first_name":"Jackqueline","last_name":"Gerleit"},
{"first_name":"Wolfy","last_name":"Goly"},
{"first_name":"Ignacius","last_name":"Prosh"},
{"first_name":"Clara","last_name":"Hanks"},
{"first_name":"Demetra","last_name":"Barnwill"},
{"first_name":"Alessandra","last_name":"Claridge"},
{"first_name":"Kylynn","last_name":"Mousdall"},
{"first_name":"Brewer","last_name":"McCrae"},
{"first_name":"Edwina","last_name":"Meatyard"},
{"first_name":"Avrit","last_name":"Briar"},
{"first_name":"Dicky","last_name":"Lyddy"},
{"first_name":"Queenie","last_name":"Kohrs"},
{"first_name":"Helenka","last_name":"Broadstock"},
{"first_name":"Roanna","last_name":"Muggach"},
{"first_name":"Celestina","last_name":"Peyes"},
{"first_name":"Ewan","last_name":"Janew"},
{"first_name":"Jessi","last_name":"Musso"},
{"first_name":"Jacinthe","last_name":"Leggat"},
{"first_name":"Derby","last_name":"Mansel"},
{"first_name":"Arley","last_name":"Letterese"},
{"first_name":"Linette","last_name":"Charles"},
{"first_name":"West","last_name":"Penhallurick"},
{"first_name":"Tamarah","last_name":"Hinckesman"},
{"first_name":"Rogers","last_name":"Snelson"},
{"first_name":"Jenelle","last_name":"Dunkerk"},
{"first_name":"Emmalyn","last_name":"Begent"},
{"first_name":"Milo","last_name":"Inskipp"},
{"first_name":"Avrom","last_name":"Spohr"},
{"first_name":"Jeremiah","last_name":"Spragge"},
{"first_name":"Irv","last_name":"Aggs"},
{"first_name":"Bjorn","last_name":"Barenski"},
{"first_name":"Ramona","last_name":"Borne"},
{"first_name":"Glynda","last_name":"Stevings"},
{"first_name":"Clayson","last_name":"Dax"},
{"first_name":"George","last_name":"Rapp"},
{"first_name":"Juline","last_name":"Stanluck"},
{"first_name":"Sibel","last_name":"Ladd"},
{"first_name":"Franky","last_name":"Haliburton"},
{"first_name":"Noe","last_name":"Doudney"},
{"first_name":"Norton","last_name":"Kamenar"},
{"first_name":"Renell","last_name":"Lindborg"},
{"first_name":"Jacqui","last_name":"Priddey"},
{"first_name":"Emile","last_name":"Baldassi"},
{"first_name":"Butch","last_name":"Fowlestone"},
{"first_name":"Sherwood","last_name":"Chatwin"},
{"first_name":"Harvey","last_name":"McCurrie"},
{"first_name":"Helena","last_name":"Pitcher"},
{"first_name":"Barrie","last_name":"Pignon"},
{"first_name":"Maura","last_name":"Cackett"},
{"first_name":"Floria","last_name":"Truggian"},
{"first_name":"Klarrisa","last_name":"Reboulet"},
{"first_name":"Hiram","last_name":"Tutt"},
{"first_name":"Kyle","last_name":"Lawton"},
{"first_name":"Gabriello","last_name":"O'Hare"},
{"first_name":"Roderick","last_name":"MacLaverty"},
{"first_name":"Roderic","last_name":"Proudlove"},
{"first_name":"Maure","last_name":"Comiskey"},
{"first_name":"Gabi","last_name":"Liquorish"},
{"first_name":"Giorgi","last_name":"Giacopetti"},
{"first_name":"Bernadine","last_name":"Mariot"},
{"first_name":"Pet","last_name":"Mallett"},
{"first_name":"Justis","last_name":"Kitchener"},
{"first_name":"Reinaldo","last_name":"Yanele"},
{"first_name":"Rivalee","last_name":"Pothergill"},
{"first_name":"Chic","last_name":"Longstreeth"},
{"first_name":"Ronnie","last_name":"Morhall"},
{"first_name":"Myrah","last_name":"Mugg"},
{"first_name":"Gardener","last_name":"Realy"},
{"first_name":"Ewan","last_name":"Evamy"},
{"first_name":"Cale","last_name":"Matschke"},
{"first_name":"Anna-diane","last_name":"Esley"},
{"first_name":"Rooney","last_name":"Awde"},
{"first_name":"Opal","last_name":"Barron"},
{"first_name":"Leroi","last_name":"Haworth"},
{"first_name":"Estrellita","last_name":"Bladge"},
{"first_name":"Birgit","last_name":"Ranscomb"},
{"first_name":"Christy","last_name":"Bonifazio"},
{"first_name":"Hallie","last_name":"Hearfield"},
{"first_name":"Bone","last_name":"Wapol"},
{"first_name":"Heather","last_name":"Biddle"},
{"first_name":"Joelly","last_name":"Guiness"},
{"first_name":"Stevy","last_name":"Fawke"},
{"first_name":"Bryn","last_name":"Sollner"},
{"first_name":"Hugues","last_name":"Garvan"},
{"first_name":"Sophronia","last_name":"Worsell"},
{"first_name":"Gerome","last_name":"Carlens"},
{"first_name":"Georgiana","last_name":"Blumfield"},
{"first_name":"Mace","last_name":"Edington"},
{"first_name":"Elenore","last_name":"Higgonet"},
{"first_name":"Magdalene","last_name":"Beachem"},
{"first_name":"Gayelord","last_name":"Bandt"},
{"first_name":"Chryste","last_name":"Whitsey"},
{"first_name":"Trish","last_name":"Reddin"},
{"first_name":"Brandais","last_name":"Uttermare"},
{"first_name":"Sophi","last_name":"Walster"},
{"first_name":"Ileana","last_name":"Parkhouse"},
{"first_name":"Jarrod","last_name":"Siemantel"},
{"first_name":"Nataline","last_name":"LeEstut"},
{"first_name":"Jarrad","last_name":"Silverlock"},
{"first_name":"Nevil","last_name":"Belverstone"},
{"first_name":"Enrika","last_name":"Castelli"},
{"first_name":"Gale","last_name":"Cranidge"},
{"first_name":"Adeline","last_name":"Aysh"},
{"first_name":"Robinet","last_name":"Jermyn"},
{"first_name":"Ivan","last_name":"Strelitzer"},
{"first_name":"Yorgos","last_name":"McCloy"},
{"first_name":"Paddy","last_name":"MacMychem"},
{"first_name":"Bria","last_name":"Brosnan"},
{"first_name":"Myrwyn","last_name":"Bodycote"},
{"first_name":"Emmanuel","last_name":"Hazeltine"},
{"first_name":"Nell","last_name":"Darridon"},
{"first_name":"Ingelbert","last_name":"Sprakes"},
{"first_name":"Florry","last_name":"Petrello"},
{"first_name":"Zelma","last_name":"O'Loughnan"},
{"first_name":"Ileane","last_name":"Leather"},
{"first_name":"Donica","last_name":"Arblaster"},
{"first_name":"Gaylene","last_name":"Cunney"},
{"first_name":"Peg","last_name":"Hanselmann"},
{"first_name":"Krissy","last_name":"Instrell"},
{"first_name":"Dorthy","last_name":"Roake"},
{"first_name":"Kleon","last_name":"Muris"},
{"first_name":"Ange","last_name":"Snel"},
{"first_name":"Brittni","last_name":"Francklyn"},
{"first_name":"Ogdon","last_name":"Dunk"},
{"first_name":"Pearl","last_name":"Jotham"},
{"first_name":"Kathrine","last_name":"Drews"},
{"first_name":"Almeria","last_name":"Hallett"},
{"first_name":"Regan","last_name":"Limon"},
{"first_name":"Philbert","last_name":"Spiby"},
{"first_name":"Robbie","last_name":"Scartifield"},
{"first_name":"Falkner","last_name":"Jozefiak"},
{"first_name":"Ferris","last_name":"MacNeish"},
{"first_name":"Jemmy","last_name":"Flea"},
{"first_name":"Konstantine","last_name":"Vesty"},
{"first_name":"Scot","last_name":"Hewins"},
{"first_name":"Foss","last_name":"Pheby"},
{"first_name":"Dorette","last_name":"Eyckelberg"},
{"first_name":"Lanni","last_name":"Siggin"},
{"first_name":"Annabella","last_name":"Boyford"},
{"first_name":"Gipsy","last_name":"Dunk"},
{"first_name":"Bax","last_name":"Clemendet"},
{"first_name":"Matty","last_name":"Pritchitt"},
{"first_name":"Kyle","last_name":"McIlriach"},
{"first_name":"Vivi","last_name":"Redler"},
{"first_name":"Aloin","last_name":"Hadlington"},
{"first_name":"Codie","last_name":"Gutteridge"},
{"first_name":"Cameron","last_name":"Pedersen"},
{"first_name":"Kendricks","last_name":"Henstone"},
{"first_name":"Dena","last_name":"Beatens"},
{"first_name":"Rosy","last_name":"Gladtbach"},
{"first_name":"Tally","last_name":"Uden"},
{"first_name":"Gwynne","last_name":"Schruur"},
{"first_name":"Thibaut","last_name":"Burkman"},
{"first_name":"Ester","last_name":"Cockshott"},
{"first_name":"Pauletta","last_name":"Geard"},
{"first_name":"Lenee","last_name":"Schenfisch"},
{"first_name":"Paddy","last_name":"Richten"},
{"first_name":"Bendite","last_name":"Pavese"},
{"first_name":"Natividad","last_name":"Balshaw"},
{"first_name":"Merwyn","last_name":"Belsher"},
{"first_name":"Chrystal","last_name":"Brownhill"},
{"first_name":"Alan","last_name":"Chelnam"},
{"first_name":"Ynes","last_name":"Hampshaw"},
{"first_name":"Joye","last_name":"Abbess"},
{"first_name":"Carlye","last_name":"Fieller"},
{"first_name":"Florencia","last_name":"Jonke"},
{"first_name":"Aron","last_name":"Kellaway"},
{"first_name":"Susan","last_name":"Bond"},
{"first_name":"Karim","last_name":"Agg"},
{"first_name":"Bradly","last_name":"Pepineaux"},
{"first_name":"Jeana","last_name":"Aers"},
{"first_name":"Caryl","last_name":"Cutbirth"},
{"first_name":"Alisa","last_name":"Fritschmann"},
{"first_name":"Marcellus","last_name":"Franzel"},
{"first_name":"Opaline","last_name":"Kleen"}]